1,Ahmad,Ali,aali@gmail.com,571-565-4652
2,Samad,Vared,svared@yahoo.com,571-465-4652
3,Ali,Parvin,aparvin@gmail.com,465-465-4652
4,Saman,Yasser,syasser@gmail.com,571-465-4652
5,Ashkan,Samadi,asamadi@yahoo.com,571-465-8974
6,Yasser,Arafat,yarafat@yahoo.com,571-465-8574
7,Mahmood,Alizadeh,malizadeh@gmail.com,571-465-7985
8,Omid,Saman,osaman@gmail.com,703-2715332
9,Ashkan,Pak,apak@gmail.com,703-558-4685
10,Samad,Gholi,sgholi@uou.com,571-465-8574
11,Ali,Yavari,ayavari@gmail.com,703-888-5241
12,Samad,Pak,spak@gmail.com,741-465-8574
